Record Length,1.024000e+03,,          0.00000, -42.58970,
Sample Interval,1.233033e+01,,         12.33033, -46.18970,
Trigger Point,0.000000000000e+00,,         24.66067, -63.38970,
,,,         36.99100, -66.98970,
,,,         49.32134, -66.98970,
,,,         61.65167, -66.98970,
Source,MATH,,         73.98201, -60.58970,
Vertical Units,dB,,         86.31234, -66.98970,
Vertical Scale,1.000000e+01,,         98.64268, -66.98970,
Vertical Offset,0.000000e+00,,        110.97301, -66.98970,
Horizontal Units,Hz,,        123.30335, -66.98970,
Horizontal Scale,1.262626e+03,,        135.63368, -66.98970,
Pt Fmt,Y,,        147.96402, -66.98970,
Yzero,-2.698970e+01,,        160.29435, -66.98970,
Probe Atten,1.000000e+01,,        172.62468, -66.98970,
Firmware Version,FV:v6.08,,        184.95502, -66.98970,
,,,197.28535, -66.98970,
,,,209.61568, -65.78970,
,,,221.94601, -66.98970,
,,,234.27634, -66.98970,
,,,246.60667, -66.98970,
,,,258.93700, -66.98970,
,,,271.26733, -66.98970,
,,,283.59766, -66.98970,
,,,295.92799, -66.98970,
,,,308.25832, -66.98970,
,,,320.58865, -65.78970,
,,,332.91898, -65.78970,
,,,345.24931, -65.78970,
,,,357.57964, -66.98970,
,,,369.90997, -63.78970,
,,,382.24030, -66.98970,
,,,394.57063, -66.98970,
,,,406.90096, -66.98970,
,,,419.23129, -66.98970,
,,,431.56162, -66.98970,
,,,443.89195, -66.98970,
,,,456.22228, -66.98970,
,,,468.55261, -66.98970,
,,,480.88294, -66.98970,
,,,493.21327, -66.98970,
,,,505.54360, -66.98970,
,,,517.87393, -66.98970,
,,,530.20426, -66.98970,
,,,542.53459, -66.98970,
,,,554.86492, -65.78970,
,,,567.19525, -66.98970,
,,,579.52558, -66.98970,
,,,591.85591, -66.98970,
,,,604.18624, -66.98970,
,,,616.51657, -66.98970,
,,,628.84690, -66.98970,
,,,641.17723, -66.98970,
,,,653.50756, -66.98970,
,,,665.83789, -66.98970,
,,,678.16822, -66.98970,
,,,690.49855, -66.98970,
,,,702.82888, -66.98970,
,,,715.15921, -66.98970,
,,,727.48954, -66.98970,
,,,739.81987, -66.98970,
,,,752.15020, -66.98970,
,,,764.48053, -66.98970,
,,,776.81086, -66.98970,
,,,789.14119, -66.98970,
,,,801.47152, -66.98970,
,,,813.80185, -66.98970,
,,,826.13218, -66.98970,
,,,838.46251, -66.98970,
,,,850.79284, -58.98970,
,,,863.12317, -53.78970,
,,,875.45350, -36.98970,
,,,887.78383, -22.18970,
,,,900.11416, -21.78970,
,,,912.44449, -34.98970,
,,,924.77482, -52.58970,
,,,937.10515, -62.98970,
,,,949.43548, -65.78970,
,,,961.76581, -66.98970,
,,,974.09614, -66.98970,
,,,986.42647, -66.98970,
,,,998.75680, -66.98970,
,,,1011.08713, -66.98970,
,,,1023.41746, -66.98970,
,,,1035.74779, -66.98970,
,,,1048.07812, -66.98970,
,,,1060.40845, -66.98970,
,,,1072.73878, -65.78970,
,,,1085.06911, -66.98970,
,,,1097.39944, -66.98970,
,,,1109.72977, -66.98970,
,,,1122.06010, -66.98970,
,,,1134.39043, -66.98970,
,,,1146.72076, -66.98970,
,,,1159.05109, -66.98970,
,,,1171.38142, -66.98970,
,,,1183.71175, -66.98970,
,,,1196.04208, -66.98970,
,,,1208.37241, -66.98970,
,,,1220.70274, -66.98970,
,,,1233.03307, -66.98970,
,,,1245.36340, -65.78970,
,,,1257.69373, -66.98970,
,,,1270.02406, -66.98970,
,,,1282.35439, -66.98970,
,,,1294.68472, -66.98970,
,,,1307.01505, -66.98970,
,,,1319.34538, -66.98970,
,,,1331.67571, -66.98970,
,,,1344.00604, -66.98970,
,,,1356.33637, -66.98970,
,,,1368.66670, -66.98970,
,,,1380.99703, -66.98970,
,,,1393.32736, -66.98970,
,,,1405.65769, -66.98970,
,,,1417.98802, -66.98970,
,,,1430.31835, -66.98970,
,,,1442.64868, -66.98970,
,,,1454.97901, -66.98970,
,,,1467.30934, -66.98970,
,,,1479.63967, -66.98970,
,,,1491.97000, -66.98970,
,,,1504.30033, -66.98970,
,,,1516.63066, -66.98970,
,,,1528.96099, -66.98970,
,,,1541.29132, -66.98970,
,,,1553.62165, -66.98970,
,,,1565.95198, -66.98970,
,,,1578.28231, -66.98970,
,,,1590.61264, -66.98970,
,,,1602.94297, -66.98970,
,,,1615.27330, -66.98970,
,,,1627.60363, -66.98970,
,,,1639.93396, -66.98970,
,,,1652.26429, -66.98970,
,,,1664.59462, -66.98970,
,,,1676.92495, -66.98970,
,,,1689.25528, -66.98970,
,,,1701.58561, -66.98970,
,,,1713.91594, -66.98970,
,,,1726.24627, -66.98970,
,,,1738.57660, -66.98970,
,,,1750.90693, -66.98970,
,,,1763.23726, -66.98970,
,,,1775.56759, -66.98970,
,,,1787.89792, -65.78970,
,,,1800.22825, -66.98970,
,,,1812.55858, -66.98970,
,,,1824.88891, -66.98970,
,,,1837.21924, -66.98970,
,,,1849.54957, -66.98970,
,,,1861.87990, -66.98970,
,,,1874.21023, -66.98970,
,,,1886.54056, -66.98970,
,,,1898.87089, -66.98970,
,,,1911.20122, -66.98970,
,,,1923.53155, -66.98970,
,,,1935.86188, -66.98970,
,,,1948.19221, -66.98970,
,,,1960.52254, -66.98970,
,,,1972.85287, -66.98970,
,,,1985.18320, -65.78970,
,,,1997.51353, -66.98970,
,,,2009.84386, -66.98970,
,,,2022.17419, -66.98970,
,,,2034.50452, -66.98970,
,,,2046.83485, -66.98970,
,,,2059.16518, -66.98970,
,,,2071.49551, -66.98970,
,,,2083.82584, -66.98970,
,,,2096.15617, -66.98970,
,,,2108.48650, -66.98970,
,,,2120.81683, -66.98970,
,,,2133.14716, -66.98970,
,,,2145.47749, -66.98970,
,,,2157.80782, -66.98970,
,,,2170.13815, -66.98970,
,,,2182.46848, -66.98970,
,,,2194.79881, -65.78970,
,,,2207.12914, -66.98970,
,,,2219.45947, -66.98970,
,,,2231.78980, -66.98970,
,,,2244.12013, -66.98970,
,,,2256.45046, -66.98970,
,,,2268.78079, -66.98970,
,,,2281.11112, -66.98970,
,,,2293.44145, -66.98970,
,,,2305.77178, -66.98970,
,,,2318.10211, -66.98970,
,,,2330.43244, -66.98970,
,,,2342.76277, -66.98970,
,,,2355.09310, -66.98970,
,,,2367.42343, -66.98970,
,,,2379.75376, -66.98970,
,,,2392.08409, -66.98970,
,,,2404.41442, -66.98970,
,,,2416.74475, -66.98970,
,,,2429.07508, -66.98970,
,,,2441.40541, -66.98970,
,,,2453.73574, -66.98970,
,,,2466.06607, -66.98970,
,,,2478.39640, -66.98970,
,,,2490.72673, -66.98970,
,,,2503.05706, -66.98970,
,,,2515.38739, -66.98970,
,,,2527.71772, -66.98970,
,,,2540.04805, -66.98970,
,,,2552.37838, -66.98970,
,,,2564.70871, -66.98970,
,,,2577.03904, -66.98970,
,,,2589.36937, -66.98970,
,,,2601.69970, -66.98970,
,,,2614.03003, -66.98970,
,,,2626.36036, -66.98970,
,,,2638.69069, -66.98970,
,,,2651.02102, -66.98970,
,,,2663.35135, -66.98970,
,,,2675.68168, -66.98970,
,,,2688.01201, -65.78970,
,,,2700.34234, -66.98970,
,,,2712.67267, -66.98970,
,,,2725.00300, -66.98970,
,,,2737.33333, -66.98970,
,,,2749.66366, -66.98970,
,,,2761.99399, -66.98970,
,,,2774.32432, -66.98970,
,,,2786.65465, -66.98970,
,,,2798.98498, -66.98970,
,,,2811.31531, -66.98970,
,,,2823.64564, -66.98970,
,,,2835.97597, -66.98970,
,,,2848.30630, -65.78970,
,,,2860.63663, -66.98970,
,,,2872.96696, -66.98970,
,,,2885.29729, -66.98970,
,,,2897.62762, -66.98970,
,,,2909.95795, -66.98970,
,,,2922.28828, -66.98970,
,,,2934.61861, -66.98970,
,,,2946.94894, -66.98970,
,,,2959.27927, -66.98970,
,,,2971.60960, -66.98970,
,,,2983.93993, -66.98970,
,,,2996.27026, -66.98970,
,,,3008.60059, -66.98970,
,,,3020.93092, -66.98970,
,,,3033.26125, -66.98970,
,,,3045.59158, -66.98970,
,,,3057.92191, -66.98970,
,,,3070.25224, -66.98970,
,,,3082.58257, -66.98970,
,,,3094.91290, -66.98970,
,,,3107.24323, -66.98970,
,,,3119.57356, -66.98970,
,,,3131.90389, -66.98970,
,,,3144.23422, -66.98970,
,,,3156.56455, -66.98970,
,,,3168.89488, -66.98970,
,,,3181.22521, -66.98970,
,,,3193.55554, -66.98970,
,,,3205.88587, -66.98970,
,,,3218.21620, -66.98970,
,,,3230.54653, -66.98970,
,,,3242.87686, -65.78970,
,,,3255.20719, -66.98970,
,,,3267.53752, -66.98970,
,,,3279.86785, -66.98970,
,,,3292.19818, -66.98970,
,,,3304.52851, -66.98970,
,,,3316.85884, -66.98970,
,,,3329.18917, -66.98970,
,,,3341.51950, -66.98970,
,,,3353.84983, -66.98970,
,,,3366.18016, -65.78970,
,,,3378.51049, -66.98970,
,,,3390.84082, -66.98970,
,,,3403.17115, -65.78970,
,,,3415.50148, -65.78970,
,,,3427.83181, -66.98970,
,,,3440.16214, -66.98970,
,,,3452.49247, -66.98970,
,,,3464.82280, -66.98970,
,,,3477.15313, -66.98970,
,,,3489.48346, -66.98970,
,,,3501.81379, -66.98970,
,,,3514.14412, -66.98970,
,,,3526.47445, -66.98970,
,,,3538.80478, -66.98970,
,,,3551.13511, -66.98970,
,,,3563.46544, -66.98970,
,,,3575.79577, -66.98970,
,,,3588.12610, -66.98970,
,,,3600.45643, -66.98970,
,,,3612.78676, -66.98970,
,,,3625.11709, -66.98970,
,,,3637.44742, -66.98970,
,,,3649.77775, -66.98970,
,,,3662.10808, -66.98970,
,,,3674.43841, -66.98970,
,,,3686.76874, -66.98970,
,,,3699.09907, -66.98970,
,,,3711.42940, -66.98970,
,,,3723.75973, -66.98970,
,,,3736.09006, -66.98970,
,,,3748.42039, -66.98970,
,,,3760.75072, -66.98970,
,,,3773.08105, -66.98970,
,,,3785.41138, -66.98970,
,,,3797.74171, -66.98970,
,,,3810.07204, -66.98970,
,,,3822.40237, -66.98970,
,,,3834.73270, -66.98970,
,,,3847.06303, -66.98970,
,,,3859.39336, -66.98970,
,,,3871.72369, -66.98970,
,,,3884.05402, -66.98970,
,,,3896.38435, -66.98970,
,,,3908.71468, -66.98970,
,,,3921.04501, -66.98970,
,,,3933.37534, -66.98970,
,,,3945.70567, -66.98970,
,,,3958.03600, -66.98970,
,,,3970.36633, -66.98970,
,,,3982.69666, -66.98970,
,,,3995.02699, -65.78970,
,,,4007.35732, -66.98970,
,,,4019.68765, -66.98970,
,,,4032.01798, -66.98970,
,,,4044.34831, -66.98970,
,,,4056.67864, -65.78970,
,,,4069.00897, -65.78970,
,,,4081.33930, -65.78970,
,,,4093.66963, -65.78970,
,,,4105.99996, -66.98970,
,,,4118.33029, -66.98970,
,,,4130.66062, -66.98970,
,,,4142.99095, -66.98970,
,,,4155.32128, -66.98970,
,,,4167.65161, -66.98970,
,,,4179.98194, -66.98970,
,,,4192.31227, -66.98970,
,,,4204.64260, -66.98970,
,,,4216.97293, -66.98970,
,,,4229.30326, -66.98970,
,,,4241.63359, -66.98970,
,,,4253.96392, -66.98970,
,,,4266.29425, -66.98970,
,,,4278.62458, -65.78970,
,,,4290.95491, -66.98970,
,,,4303.28524, -66.98970,
,,,4315.61557, -66.98970,
,,,4327.94590, -66.98970,
,,,4340.27623, -66.98970,
,,,4352.60656, -66.98970,
,,,4364.93689, -66.98970,
,,,4377.26722, -66.98970,
,,,4389.59755, -66.98970,
,,,4401.92788, -66.98970,
,,,4414.25821, -66.98970,
,,,4426.58854, -66.98970,
,,,4438.91887, -66.98970,
,,,4451.24920, -66.98970,
,,,4463.57953, -66.98970,
,,,4475.90986, -66.98970,
,,,4488.24019, -66.98970,
,,,4500.57052, -66.98970,
,,,4512.90085, -65.78970,
,,,4525.23118, -66.98970,
,,,4537.56151, -66.98970,
,,,4549.89184, -66.98970,
,,,4562.22217, -66.98970,
,,,4574.55250, -66.98970,
,,,4586.88283, -66.98970,
,,,4599.21316, -66.98970,
,,,4611.54349, -65.78970,
,,,4623.87382, -59.78970,
,,,4636.20415, -49.38970,
,,,4648.53448, -49.38970,
,,,4660.86481, -66.98970,
,,,4673.19514, -66.98970,
,,,4685.52547, -66.98970,
,,,4697.85580, -66.98970,
,,,4710.18613, -65.78970,
,,,4722.51646, -66.98970,
,,,4734.84679, -66.98970,
,,,4747.17712, -66.98970,
,,,4759.50745, -66.98970,
,,,4771.83778, -66.98970,
,,,4784.16811, -66.98970,
,,,4796.49844, -66.98970,
,,,4808.82877, -66.98970,
,,,4821.15910, -66.98970,
,,,4833.48943, -66.98970,
,,,4845.81976, -66.98970,
,,,4858.15009, -66.98970,
,,,4870.48042, -66.98970,
,,,4882.81075, -66.98970,
,,,4895.14108, -66.98970,
,,,4907.47141, -66.98970,
,,,4919.80174, -66.98970,
,,,4932.13207, -66.98970,
,,,4944.46240, -66.98970,
,,,4956.79273, -66.98970,
,,,4969.12306, -66.98970,
,,,4981.45339, -66.98970,
,,,4993.78372, -66.98970,
,,,5006.11405, -66.98970,
,,,5018.44438, -66.98970,
,,,5030.77471, -66.98970,
,,,5043.10504, -66.98970,
,,,5055.43537, -66.98970,
,,,5067.76570, -66.98970,
,,,5080.09603, -66.98970,
,,,5092.42636, -66.98970,
,,,5104.75669, -66.98970,
,,,5117.08702, -66.98970,
,,,5129.41735, -66.98970,
,,,5141.74768, -66.98970,
,,,5154.07801, -66.98970,
,,,5166.40834, -66.98970,
,,,5178.73867, -65.78970,
,,,5191.06900, -65.78970,
,,,5203.39933, -66.98970,
,,,5215.72966, -66.98970,
,,,5228.05999, -66.98970,
,,,5240.39032, -66.98970,
,,,5252.72065, -66.98970,
,,,5265.05098, -66.98970,
,,,5277.38131, -66.98970,
,,,5289.71164, -65.78970,
,,,5302.04197, -63.78970,
,,,5314.37230, -66.98970,
,,,5326.70263, -66.98970,
,,,5339.03296, -66.98970,
,,,5351.36329, -66.98970,
,,,5363.69362, -66.98970,
,,,5376.02395, -66.98970,
,,,5388.35428, -66.98970,
,,,5400.68461, -66.98970,
,,,5413.01494, -66.98970,
,,,5425.34527, -66.98970,
,,,5437.67560, -66.98970,
,,,5450.00593, -66.98970,
,,,5462.33626, -66.98970,
,,,5474.66659, -66.98970,
,,,5486.99692, -66.98970,
,,,5499.32725, -66.98970,
,,,5511.65758, -66.98970,
,,,5523.98791, -66.98970,
,,,5536.31824, -66.98970,
,,,5548.64857, -66.98970,
,,,5560.97890, -66.98970,
,,,5573.30923, -66.98970,
,,,5585.63956, -66.98970,
,,,5597.96989, -66.98970,
,,,5610.30022, -66.98970,
,,,5622.63055, -66.98970,
,,,5634.96088, -66.98970,
,,,5647.29121, -66.98970,
,,,5659.62154, -66.98970,
,,,5671.95187, -66.98970,
,,,5684.28220, -66.98970,
,,,5696.61253, -65.78970,
,,,5708.94286, -65.78970,
,,,5721.27319, -66.98970,
,,,5733.60352, -66.98970,
,,,5745.93385, -66.98970,
,,,5758.26418, -66.98970,
,,,5770.59451, -66.98970,
,,,5782.92484, -66.98970,
,,,5795.25517, -66.98970,
,,,5807.58550, -66.98970,
,,,5819.91583, -66.98970,
,,,5832.24616, -66.98970,
,,,5844.57649, -66.98970,
,,,5856.90682, -66.98970,
,,,5869.23715, -66.98970,
,,,5881.56748, -63.78970,
,,,5893.89781, -66.98970,
,,,5906.22814, -66.98970,
,,,5918.55847, -66.98970,
,,,5930.88880, -66.98970,
,,,5943.21913, -66.98970,
,,,5955.54946, -66.98970,
,,,5967.87979, -66.98970,
,,,5980.21012, -66.98970,
,,,5992.54045, -66.98970,
,,,6004.87078, -66.98970,
,,,6017.20111, -66.98970,
,,,6029.53144, -66.98970,
,,,6041.86177, -66.98970,
,,,6054.19210, -66.98970,
,,,6066.52243, -66.98970,
,,,6078.85276, -66.98970,
,,,6091.18309, -66.98970,
,,,6103.51342, -66.98970,
,,,6115.84375, -66.98970,
,,,6128.17408, -66.98970,
,,,6140.50441, -66.98970,
,,,6152.83474, -66.98970,
,,,6165.16507, -66.98970,
,,,6177.49540, -66.98970,
,,,6189.82573, -66.98970,
,,,6202.15606, -66.98970,
,,,6214.48639, -66.98970,
,,,6226.81672, -66.98970,
,,,6239.14705, -66.98970,
,,,6251.47738, -66.98970,
,,,6263.80771, -66.98970,
,,,6276.13804, -66.98970,
,,,6288.46837, -66.98970,
,,,6300.79870, -66.98970,
,,,6313.12903, -66.98970,
,,,6325.45936, -66.98970,
,,,6337.78969, -66.98970,
,,,6350.12002, -66.98970,
,,,6362.45035, -66.98970,
,,,6374.78068, -66.98970,
,,,6387.11101, -66.98970,
,,,6399.44134, -66.98970,
,,,6411.77167, -66.98970,
,,,6424.10200, -66.98970,
,,,6436.43233, -66.98970,
,,,6448.76266, -66.98970,
,,,6461.09299, -66.98970,
,,,6473.42332, -66.98970,
,,,6485.75365, -65.78970,
,,,6498.08398, -66.98970,
,,,6510.41431, -66.98970,
,,,6522.74464, -66.98970,
,,,6535.07497, -66.98970,
,,,6547.40530, -66.98970,
,,,6559.73563, -66.98970,
,,,6572.06596, -66.98970,
,,,6584.39629, -65.78970,
,,,6596.72662, -63.78970,
,,,6609.05695, -66.98970,
,,,6621.38728, -66.98970,
,,,6633.71761, -66.98970,
,,,6646.04794, -66.98970,
,,,6658.37827, -65.78970,
,,,6670.70860, -66.98970,
,,,6683.03893, -66.98970,
,,,6695.36926, -66.98970,
,,,6707.69959, -66.98970,
,,,6720.02992, -66.98970,
,,,6732.36025, -66.98970,
,,,6744.69058, -66.98970,
,,,6757.02091, -66.98970,
,,,6769.35124, -66.98970,
,,,6781.68157, -66.98970,
,,,6794.01190, -66.98970,
,,,6806.34223, -66.98970,
,,,6818.67256, -66.98970,
,,,6831.00289, -66.98970,
,,,6843.33322, -66.98970,
,,,6855.66355, -66.98970,
,,,6867.99388, -66.98970,
,,,6880.32421, -65.78970,
,,,6892.65454, -65.78970,
,,,6904.98487, -66.98970,
,,,6917.31520, -66.98970,
,,,6929.64553, -66.98970,
,,,6941.97586, -66.98970,
,,,6954.30619, -66.98970,
,,,6966.63652, -66.98970,
,,,6978.96685, -66.98970,
,,,6991.29718, -66.98970,
,,,7003.62751, -66.98970,
,,,7015.95784, -66.98970,
,,,7028.28817, -65.78970,
,,,7040.61850, -65.78970,
,,,7052.94883, -66.98970,
,,,7065.27916, -66.98970,
,,,7077.60949, -66.98970,
,,,7089.93982, -66.98970,
,,,7102.27015, -66.98970,
,,,7114.60048, -66.98970,
,,,7126.93081, -66.98970,
,,,7139.26114, -66.98970,
,,,7151.59147, -66.98970,
,,,7163.92180, -66.98970,
,,,7176.25213, -66.98970,
,,,7188.58246, -66.98970,
,,,7200.91279, -66.98970,
,,,7213.24312, -63.38970,
,,,7225.57345, -66.98970,
,,,7237.90378, -66.98970,
,,,7250.23411, -65.78970,
,,,7262.56444, -66.98970,
,,,7274.89477, -66.98970,
,,,7287.22510, -66.98970,
,,,7299.55543, -66.98970,
,,,7311.88576, -66.98970,
,,,7324.21609, -66.98970,
,,,7336.54642, -66.98970,
,,,7348.87675, -66.98970,
,,,7361.20708, -66.98970,
,,,7373.53741, -66.98970,
,,,7385.86774, -66.98970,
,,,7398.19807, -66.98970,
,,,7410.52840, -66.98970,
,,,7422.85873, -66.98970,
,,,7435.18906, -66.98970,
,,,7447.51939, -66.98970,
,,,7459.84972, -66.98970,
,,,7472.18005, -66.98970,
,,,7484.51038, -66.98970,
,,,7496.84071, -66.98970,
,,,7509.17104, -66.98970,
,,,7521.50137, -66.98970,
,,,7533.83170, -66.98970,
,,,7546.16203, -66.98970,
,,,7558.49236, -66.98970,
,,,7570.82269, -66.98970,
,,,7583.15302, -66.98970,
,,,7595.48335, -65.78970,
,,,7607.81368, -65.78970,
,,,7620.14401, -66.98970,
,,,7632.47434, -65.78970,
,,,7644.80467, -65.78970,
,,,7657.13500, -65.78970,
,,,7669.46533, -65.78970,
,,,7681.79566, -66.98970,
,,,7694.12599, -66.98970,
,,,7706.45632, -66.98970,
,,,7718.78665, -66.98970,
,,,7731.11698, -66.98970,
,,,7743.44731, -66.98970,
,,,7755.77764, -66.98970,
,,,7768.10797, -66.98970,
,,,7780.43830, -66.98970,
,,,7792.76863, -66.98970,
,,,7805.09896, -65.78970,
,,,7817.42929, -66.98970,
,,,7829.75962, -66.98970,
,,,7842.08995, -66.98970,
,,,7854.42028, -66.98970,
,,,7866.75061, -66.98970,
,,,7879.08094, -66.98970,
,,,7891.41127, -66.98970,
,,,7903.74160, -66.98970,
,,,7916.07193, -66.98970,
,,,7928.40226, -66.98970,
,,,7940.73259, -66.98970,
,,,7953.06292, -66.98970,
,,,7965.39325, -66.98970,
,,,7977.72358, -65.78970,
,,,7990.05391, -66.98970,
,,,8002.38424, -66.98970,
,,,8014.71457, -63.38970,
,,,8027.04490, -66.98970,
,,,8039.37523, -66.98970,
,,,8051.70556, -66.98970,
,,,8064.03589, -66.98970,
,,,8076.36622, -66.98970,
,,,8088.69655, -66.98970,
,,,8101.02688, -66.98970,
,,,8113.35721, -66.98970,
,,,8125.68754, -66.98970,
,,,8138.01787, -66.98970,
,,,8150.34820, -66.98970,
,,,8162.67853, -66.98970,
,,,8175.00886, -66.98970,
,,,8187.33919, -66.98970,
,,,8199.66952, -66.98970,
,,,8211.99985, -65.78970,
,,,8224.33018, -66.98970,
,,,8236.66051, -66.98970,
,,,8248.99084, -66.98970,
,,,8261.32117, -66.98970,
,,,8273.65150, -66.98970,
,,,8285.98183, -66.98970,
,,,8298.31216, -66.98970,
,,,8310.64249, -66.98970,
,,,8322.97282, -66.98970,
,,,8335.30315, -66.98970,
,,,8347.63348, -66.98970,
,,,8359.96381, -66.98970,
,,,8372.29414, -66.98970,
,,,8384.62447, -66.98970,
,,,8396.95480, -66.98970,
,,,8409.28513, -66.98970,
,,,8421.61546, -66.98970,
,,,8433.94579, -66.98970,
,,,8446.27612, -66.98970,
,,,8458.60645, -66.98970,
,,,8470.93678, -66.98970,
,,,8483.26711, -66.98970,
,,,8495.59744, -66.98970,
,,,8507.92777, -66.98970,
,,,8520.25810, -66.98970,
,,,8532.58843, -66.98970,
,,,8544.91876, -66.98970,
,,,8557.24909, -66.98970,
,,,8569.57942, -66.98970,
,,,8581.90975, -66.98970,
,,,8594.24008, -63.78970,
,,,8606.57041, -66.98970,
,,,8618.90074, -66.98970,
,,,8631.23107, -66.98970,
,,,8643.56140, -66.98970,
,,,8655.89173, -66.98970,
,,,8668.22206, -66.98970,
,,,8680.55239, -66.98970,
,,,8692.88272, -66.98970,
,,,8705.21305, -66.98970,
,,,8717.54338, -66.98970,
,,,8729.87371, -66.98970,
,,,8742.20404, -66.98970,
,,,8754.53437, -66.98970,
,,,8766.86470, -66.98970,
,,,8779.19503, -66.98970,
,,,8791.52536, -66.98970,
,,,8803.85569, -66.98970,
,,,8816.18602, -66.98970,
,,,8828.51635, -66.98970,
,,,8840.84668, -66.98970,
,,,8853.17701, -65.78970,
,,,8865.50734, -66.98970,
,,,8877.83767, -66.98970,
,,,8890.16800, -66.98970,
,,,8902.49833, -65.78970,
,,,8914.82866, -66.98970,
,,,8927.15899, -66.98970,
,,,8939.48932, -66.98970,
,,,8951.81965, -66.98970,
,,,8964.14998, -66.98970,
,,,8976.48031, -65.78970,
,,,8988.81064, -63.38970,
,,,9001.14097, -66.98970,
,,,9013.47130, -66.98970,
,,,9025.80163, -66.98970,
,,,9038.13196, -66.98970,
,,,9050.46229, -66.98970,
,,,9062.79262, -66.98970,
,,,9075.12295, -66.98970,
,,,9087.45328, -66.98970,
,,,9099.78361, -66.98970,
,,,9112.11394, -66.98970,
,,,9124.44427, -66.98970,
,,,9136.77460, -66.98970,
,,,9149.10493, -66.98970,
,,,9161.43526, -66.98970,
,,,9173.76559, -66.98970,
,,,9186.09592, -63.78970,
,,,9198.42625, -66.98970,
,,,9210.75658, -66.98970,
,,,9223.08691, -66.98970,
,,,9235.41724, -66.98970,
,,,9247.74757, -66.98970,
,,,9260.07790, -66.98970,
,,,9272.40823, -66.98970,
,,,9284.73856, -66.98970,
,,,9297.06889, -66.98970,
,,,9309.39922, -66.98970,
,,,9321.72955, -65.78970,
,,,9334.05988, -66.98970,
,,,9346.39021, -66.98970,
,,,9358.72054, -66.98970,
,,,9371.05087, -66.98970,
,,,9383.38120, -66.98970,
,,,9395.71153, -66.98970,
,,,9408.04186, -66.98970,
,,,9420.37219, -66.98970,
,,,9432.70252, -66.98970,
,,,9445.03285, -66.98970,
,,,9457.36318, -66.98970,
,,,9469.69351, -66.98970,
,,,9482.02384, -66.98970,
,,,9494.35417, -62.98970,
,,,9506.68450, -66.98970,
,,,9519.01483, -66.98970,
,,,9531.34516, -66.98970,
,,,9543.67549, -66.98970,
,,,9556.00582, -66.98970,
,,,9568.33615, -66.98970,
,,,9580.66648, -66.98970,
,,,9592.99681, -66.98970,
,,,9605.32714, -66.98970,
,,,9617.65747, -66.98970,
,,,9629.98780, -66.98970,
,,,9642.31813, -66.98970,
,,,9654.64846, -66.98970,
,,,9666.97879, -66.98970,
,,,9679.30912, -66.98970,
,,,9691.63945, -66.98970,
,,,9703.96978, -66.98970,
,,,9716.30011, -66.98970,
,,,9728.63044, -66.98970,
,,,9740.96077, -66.98970,
,,,9753.29110, -66.98970,
,,,9765.62143, -66.98970,
,,,9777.95176, -66.98970,
,,,9790.28209, -66.98970,
,,,9802.61242, -66.98970,
,,,9814.94275, -66.98970,
,,,9827.27308, -66.98970,
,,,9839.60341, -66.98970,
,,,9851.93374, -66.98970,
,,,9864.26407, -66.98970,
,,,9876.59440, -66.98970,
,,,9888.92473, -66.98970,
,,,9901.25506, -66.98970,
,,,9913.58539, -66.98970,
,,,9925.91572, -66.98970,
,,,9938.24605, -66.98970,
,,,9950.57638, -66.98970,
,,,9962.90671, -66.98970,
,,,9975.23704, -66.98970,
,,,9987.56737, -66.98970,
,,,9999.89770, -66.98970,
,,,10012.22803, -66.98970,
,,,10024.55836, -66.98970,
,,,10036.88869, -66.98970,
,,,10049.21902, -66.98970,
,,,10061.54935, -66.98970,
,,,10073.87968, -66.98970,
,,,10086.21001, -65.78970,
,,,10098.54034, -66.98970,
,,,10110.87067, -66.98970,
,,,10123.20100, -66.98970,
,,,10135.53133, -66.98970,
,,,10147.86166, -66.98970,
,,,10160.19199, -66.98970,
,,,10172.52232, -66.98970,
,,,10184.85265, -66.98970,
,,,10197.18298, -66.98970,
,,,10209.51331, -66.98970,
,,,10221.84364, -66.98970,
,,,10234.17397, -63.78970,
,,,10246.50430, -66.98970,
,,,10258.83463, -66.98970,
,,,10271.16496, -66.98970,
,,,10283.49529, -66.98970,
,,,10295.82562, -66.98970,
,,,10308.15595, -66.98970,
,,,10320.48628, -66.98970,
,,,10332.81661, -66.98970,
,,,10345.14694, -66.98970,
,,,10357.47727, -66.98970,
,,,10369.80760, -66.98970,
,,,10382.13793, -66.98970,
,,,10394.46826, -66.98970,
,,,10406.79859, -66.98970,
,,,10419.12892, -66.98970,
,,,10431.45925, -66.98970,
,,,10443.78958, -66.98970,
,,,10456.11991, -66.98970,
,,,10468.45024, -66.98970,
,,,10480.78057, -66.98970,
,,,10493.11090, -66.98970,
,,,10505.44123, -66.98970,
,,,10517.77156, -66.98970,
,,,10530.10189, -66.98970,
,,,10542.43222, -66.98970,
,,,10554.76255, -66.98970,
,,,10567.09288, -66.98970,
,,,10579.42321, -66.98970,
,,,10591.75354, -66.98970,
,,,10604.08387, -65.78970,
,,,10616.41420, -66.98970,
,,,10628.74453, -66.98970,
,,,10641.07486, -66.98970,
,,,10653.40519, -66.98970,
,,,10665.73552, -66.98970,
,,,10678.06585, -66.98970,
,,,10690.39618, -66.98970,
,,,10702.72651, -66.98970,
,,,10715.05684, -66.98970,
,,,10727.38717, -66.98970,
,,,10739.71750, -66.98970,
,,,10752.04783, -66.98970,
,,,10764.37816, -66.98970,
,,,10776.70849, -66.98970,
,,,10789.03882, -66.98970,
,,,10801.36915, -66.98970,
,,,10813.69948, -66.98970,
,,,10826.02981, -66.98970,
,,,10838.36014, -66.98970,
,,,10850.69047, -66.98970,
,,,10863.02080, -66.98970,
,,,10875.35113, -66.98970,
,,,10887.68146, -66.98970,
,,,10900.01179, -65.78970,
,,,10912.34212, -66.98970,
,,,10924.67245, -66.98970,
,,,10937.00278, -66.98970,
,,,10949.33311, -66.98970,
,,,10961.66344, -66.98970,
,,,10973.99377, -62.98970,
,,,10986.32410, -66.98970,
,,,10998.65443, -66.98970,
,,,11010.98476, -66.98970,
,,,11023.31509, -66.98970,
,,,11035.64542, -66.98970,
,,,11047.97575, -66.98970,
,,,11060.30608, -66.98970,
,,,11072.63641, -65.78970,
,,,11084.96674, -66.98970,
,,,11097.29707, -66.98970,
,,,11109.62740, -63.38970,
,,,11121.95773, -66.98970,
,,,11134.28806, -66.98970,
,,,11146.61839, -66.98970,
,,,11158.94872, -66.98970,
,,,11171.27905, -66.98970,
,,,11183.60938, -66.98970,
,,,11195.93971, -66.98970,
,,,11208.27004, -66.98970,
,,,11220.60037, -66.98970,
,,,11232.93070, -66.98970,
,,,11245.26103, -66.98970,
,,,11257.59136, -66.98970,
,,,11269.92169, -66.98970,
,,,11282.25202, -66.98970,
,,,11294.58235, -66.98970,
,,,11306.91268, -66.98970,
,,,11319.24301, -66.98970,
,,,11331.57334, -65.78970,
,,,11343.90367, -66.98970,
,,,11356.23400, -66.98970,
,,,11368.56433, -66.98970,
,,,11380.89466, -66.98970,
,,,11393.22499, -66.98970,
,,,11405.55532, -66.98970,
,,,11417.88565, -65.78970,
,,,11430.21598, -66.98970,
,,,11442.54631, -66.98970,
,,,11454.87664, -66.98970,
,,,11467.20697, -66.98970,
,,,11479.53730, -66.98970,
,,,11491.86763, -66.98970,
,,,11504.19796, -65.78970,
,,,11516.52829, -66.98970,
,,,11528.85862, -66.98970,
,,,11541.18895, -66.98970,
,,,11553.51928, -66.98970,
,,,11565.84961, -66.98970,
,,,11578.17994, -66.98970,
,,,11590.51027, -66.98970,
,,,11602.84060, -66.98970,
,,,11615.17093, -66.98970,
,,,11627.50126, -66.98970,
,,,11639.83159, -66.98970,
,,,11652.16192, -66.98970,
,,,11664.49225, -66.98970,
,,,11676.82258, -66.98970,
,,,11689.15291, -66.98970,
,,,11701.48324, -66.98970,
,,,11713.81357, -66.98970,
,,,11726.14390, -66.98970,
,,,11738.47423, -66.98970,
,,,11750.80456, -66.98970,
,,,11763.13489, -66.98970,
,,,11775.46522, -66.98970,
,,,11787.79555, -66.98970,
,,,11800.12588, -66.98970,
,,,11812.45621, -66.98970,
,,,11824.78654, -66.98970,
,,,11837.11687, -66.98970,
,,,11849.44720, -66.98970,
,,,11861.77753, -66.98970,
,,,11874.10786, -66.98970,
,,,11886.43819, -66.98970,
,,,11898.76852, -66.98970,
,,,11911.09885, -66.98970,
,,,11923.42918, -66.98970,
,,,11935.75951, -66.98970,
,,,11948.08984, -66.98970,
,,,11960.42017, -66.98970,
,,,11972.75050, -66.98970,
,,,11985.08083, -66.98970,
,,,11997.41116, -66.98970,
,,,12009.74149, -66.98970,
,,,12022.07182, -66.98970,
,,,12034.40215, -66.98970,
,,,12046.73248, -66.98970,
,,,12059.06281, -66.98970,
,,,12071.39314, -66.98970,
,,,12083.72347, -66.98970,
,,,12096.05380, -66.98970,
,,,12108.38413, -66.98970,
,,,12120.71446, -66.98970,
,,,12133.04479, -66.98970,
,,,12145.37512, -66.98970,
,,,12157.70545, -66.98970,
,,,12170.03578, -66.98970,
,,,12182.36611, -66.98970,
,,,12194.69644, -66.98970,
,,,12207.02677, -66.98970,
,,,12219.35710, -66.98970,
,,,12231.68743, -66.98970,
,,,12244.01776, -66.98970,
,,,12256.34809, -66.98970,
,,,12268.67842, -66.98970,
,,,12281.00875, -66.98970,
,,,12293.33908, -66.98970,
,,,12305.66941, -66.98970,
,,,12317.99974, -66.98970,
,,,12330.33007, -66.98970,
,,,12342.66040, -66.98970,
,,,12354.99073, -66.98970,
,,,12367.32106, -66.98970,
,,,12379.65139, -66.98970,
,,,12391.98172, -66.98970,
,,,12404.31205, -65.78970,
,,,12416.64238, -66.98970,
,,,12428.97271, -66.98970,
,,,12441.30304, -66.98970,
,,,12453.63337, -66.98970,
,,,12465.96370, -66.98970,
,,,12478.29403, -66.98970,
,,,12490.62436, -66.98970,
,,,12502.95469, -66.98970,
,,,12515.28502, -66.98970,
,,,12527.61535, -65.78970,
,,,12539.94568, -66.98970,
,,,12552.27601, -66.98970,
,,,12564.60634, -66.98970,
,,,12576.93667, -66.98970,
,,,12589.26700, -66.98970,
,,,12601.59733, -66.98970,
,,,12613.92766, -66.98970,
